ą§§ą§¦	ten
ą§§ą§§	eleven
ą§§ą§Ø	twelve
ą§§ą§©	thirteen
ą§§ą§Ŗ	fourteen
ą§§ą§«	fifteen
ą§§ą§¬	sixteen
ą§§ą§­	seventeen
ą§§ą§®	eighteen
ą§§ą§Æ	nineteen
ą§Øą§¦	twenty
ą§Øą§§	twenty one
ą§Øą§Ø	twenty two
ą§Øą§©	twenty three
ą§Øą§Ŗ	twenty four
ą§Øą§«	twenty five
ą§Øą§¬	twenty six
ą§Øą§­	twenty seven
ą§Øą§®	twenty eight
ą§Øą§Æ	twenty nine
ą§©ą§¦	thirty
ą§©ą§§	thirty one
ą§©ą§Ø	thirty two
ą§©ą§©	thirty three
ą§©ą§Ŗ	thirty four
ą§©ą§«	thirty five
ą§©ą§¬	thirty six
ą§©ą§­	thirty seven
ą§©ą§®	thirty eight
ą§©ą§Æ	thirty nine
ą§Ŗą§¦	forty
ą§Ŗą§§	forty one
ą§Ŗą§Ø	forty two
ą§Ŗą§©	forty three
ą§Ŗą§Ŗ	forty four
ą§Ŗą§«	forty five
ą§Ŗą§¬	forty six
ą§Ŗą§­	forty seven
ą§Ŗą§®	forty eight
ą§Ŗą§Æ	forty nine
ą§«ą§¦	fifty
ą§«ą§§	fifty one
ą§«ą§Ø	fifty two
ą§«ą§©	fifty three
ą§«ą§Ŗ	fifty four
ą§«ą§«	fifty five
ą§«ą§¬	fifty six
ą§«ą§­	fifty seven
ą§«ą§®	fifty eight
ą§«ą§Æ	fifty nine
ą§¬ą§¦	sixty
ą§¬ą§§	sixty one
ą§¬ą§Ø	sixty two
ą§¬ą§©	sixty three
ą§¬ą§Ŗ	sixty four
ą§¬ą§«	sixty five
ą§¬ą§¬	sixty six
ą§¬ą§­	sixty seven
ą§¬ą§®	sixty eight
ą§¬ą§Æ	sixty nine
ą§­ą§¦	seventy
ą§­ą§§	seventy one
ą§­ą§Ø	seventy two
ą§­ą§©	seventy three
ą§­ą§Ŗ	seventy four
ą§­ą§«	seventy five
ą§­ą§¬	seventy six
ą§­ą§­	seventy seven
ą§­ą§®	seventy eight
ą§­ą§Æ	seventy nine
ą§®ą§¦	eighty
ą§®ą§§	eighty one
ą§®ą§Ø	eighty two
ą§®ą§©	eighty three
ą§®ą§Ŗ	eighty four
ą§®ą§«	eighty five
ą§®ą§¬	eighty six
ą§®ą§­	eighty seven
ą§®ą§®	eighty eight
ą§®ą§Æ	eighty nine
ą§Æą§¦	ninety
ą§Æą§§	ninety one
ą§Æą§Ø	ninety two
ą§Æą§©	ninety three
ą§Æą§Ŗ	ninety four
ą§Æą§«	ninety five
ą§Æą§¬	ninety six
ą§Æą§­	ninety seven
ą§Æą§®	ninety eight
ą§Æą§Æ	ninety nine